file,path_before,path_after,change_type,reason,tested
"system/scripts/vault_automation.py","script root = three levels above system/scripts","script root = two levels above system/scripts with upward vault-root validation","path_resolution","Prevent default vault root from resolving outside DiegoOS_Vault when run by script path.","python system/scripts/vault_automation.py --help; python system/scripts/vault_automation.py compile-dashboard"
"system/scripts/vault_automation.py","01_Peripheral_Layer/Daily_Logs","01_Peripheral_Layer/A_Daily_Logs","folder_normalization","Match actual live daily-log folder.","python system/scripts/vault_automation.py compile-dashboard"
"system/scripts/vault_automation.py","02_Inner_Layer/Literature_Anatomy","02_Inner_Layer/Literature","folder_normalization","Match actual live literature folder.","python system/scripts/vault_automation.py compile-dashboard"
"system/scripts/vault_automation.py","../01_Peripheral_Layer/A_Daily_Logs links from dashboard","../../01_Peripheral_Layer/A_Daily_Logs links from dashboard","dashboard_link_fix","Dashboard lives under 03_Outer_Layer/Dashboards and needs two parent traversals to reach vault root.","python system/scripts/vault_automation.py compile-dashboard"
"system/scripts/card_tidier.py","vault_root defaults to current working directory","vault_root resolves from script location unless explicitly provided","path_resolution","Make script-safe when called from another working directory.","python -c importlib smoke test"
"system/scripts/validate_frontmatter.py","","new validator script","validation","Validate active markdown frontmatter with PyYAML while excluding _Cold_Storage.","python system/scripts/validate_frontmatter.py"
"01_Peripheral_Layer/System_Guides/ingestion_protocols.md","Daily_Logs; Literature_Anatomy","A_Daily_Logs; Literature","folder_normalization","Bring active ingestion guide into line with actual live folders.","rg obsolete-path audit"
"01_Peripheral_Layer/System_Guides/diegoos_architecture.md","Daily_Logs; Literature_Anatomy","A_Daily_Logs; Literature","folder_normalization","Bring active architecture guide into line with actual live folders.","rg obsolete-path audit"
"01_Peripheral_Layer/System_Guides/AI_Operational_Guidelines.md","","new active AI operating guide","ai_guidelines","Promote AI/Gemini operating guidance out of archive/plugin prompt folders into active System_Guides.","python system/scripts/validate_frontmatter.py"
"03_Outer_Layer/System_Prompts.md","structural_audit; restricted","audit_only; application_packaging","ai_guidelines","Align active prompt mode table with controlled four-mode policy.","python system/scripts/validate_frontmatter.py"
"_templates/Template_Today.md","created: {{date}}","created: ""{{date}}""","yaml_hardening","Quote Templater date token for YAML parser compatibility.","python system/scripts/validate_frontmatter.py"
"_templates/Template_This_Week.md","created: {{date}}","created: ""{{date}}""","yaml_hardening","Quote Templater date token for YAML parser compatibility.","python system/scripts/validate_frontmatter.py"
"_templates/Template_Project.md","created: {{date}}","created: ""{{date}}""","yaml_hardening","Quote Templater date token for YAML parser compatibility.","python system/scripts/validate_frontmatter.py"
"_templates/Template_Deliverable.md","created: {{date}}","created: ""{{date}}""","yaml_hardening","Quote Templater date token for YAML parser compatibility.","python system/scripts/validate_frontmatter.py"
"_templates/Template_Friction_Entry.md","created: {{date}}","created: ""{{date}}""","yaml_hardening","Quote Templater date token for YAML parser compatibility.","python system/scripts/validate_frontmatter.py"
"08_INBOX/","","created folder","obsidian_settings","Satisfy .obsidian/app.json newFileFolderPath without changing settings.","Test-Path 08_INBOX"
"09_ATTACHMENTS/","","created folder","obsidian_settings","Satisfy .obsidian/app.json attachmentFolderPath without changing settings.","Test-Path 09_ATTACHMENTS"
"03_Outer_Layer/Dashboards/Active_Dashboard.md","previous compiled dashboard","recompiled dashboard inside vault","dashboard_compile","Verify compiler output path and non-empty mission ledger.","python system/scripts/vault_automation.py compile-dashboard"
